CRN,**Notes,Course,Title,SH,Course Type,Instructor,Meeting Dates,Days,Time,Location,Categories,Seats,Limit,Enroll,*Campus
15216,,BIO 105-01,Major Concepts Biology,3,WEB,Heather Rushforth,08-JAN-2018 to 25-APR-2018,,,,.GLS.GNS.SUS,0,115,115,M
15653,"29,30,141",BIO 105-01D,Major Concepts Biology,3,WEB,Heather Rushforth,08-JAN-2018 to 25-APR-2018,,,,.GLS.GNS.SUS,-8,0,8,D
11379,,BIO 105-02,Major Concepts Biology,3,LEC,Ann B. Somers,08-JAN-2018 to 25-APR-2018,M W F,1200-1250,SULV 101,.GLS.GNS.SUS,56,295,239,M
11380,,BIO 105-03,Major Concepts Biology,3,LEC,Austin N. Craven,08-JAN-2018 to 25-APR-2018,T R,1700-1815,SULV 101,.GLS.GNS.SUS,45,175,130,M
15126,"29,30,105",BIO 105-81D,Major Concepts Biology,3,WEB,Malcolm D. Schug,09-DEC-2017 to 18-JAN-2018,,,,.GLS.GNS.SUS,5,80,75,D
11381,3,BIO 105L-01,Major Concepts in Bio Lab,1,LAB,Heather Rushforth,08-JAN-2018 to 25-APR-2018,M,0900-1150,SULV 112,.GLS.GNS.SUS,0,24,24,M
11382,3,BIO 105L-02,Major Concepts in Bio Lab,1,LAB,Heather Rushforth,08-JAN-2018 to 25-APR-2018,M,1200-1450,SULV 112,.GLS.GNS.SUS,0,24,24,M
11383,3,BIO 105L-03,Major Concepts in Bio Lab,1,LAB,Heather Rushforth,08-JAN-2018 to 25-APR-2018,M,1500-1750,SULV 112,.GLS.GNS.SUS,0,24,24,M
11384,3,BIO 105L-04,Major Concepts in Bio Lab,1,LAB,Heather Rushforth,08-JAN-2018 to 25-APR-2018,M,1800-2050,SULV 112,.GLS.GNS.SUS,1,24,23,M
11385,3,BIO 105L-05,Major Concepts in Bio Lab,1,LAB,Heather Rushforth,08-JAN-2018 to 25-APR-2018,T,0930-1220,SULV 112,.GLS.GNS.SUS,0,24,24,M
11386,3,BIO 105L-06,Major Concepts in Bio Lab,1,LAB,Heather Rushforth,08-JAN-2018 to 25-APR-2018,T,1230-1520,SULV 112,.GLS.GNS.SUS,1,24,23,M
11387,3,BIO 105L-07,Major Concepts in Bio Lab,1,LAB,Heather Rushforth,08-JAN-2018 to 25-APR-2018,T,1530-1820,SULV 112,.GLS.GNS.SUS,0,24,24,M
11388,3,BIO 105L-08,Major Concepts in Bio Lab,1,LAB,Heather Rushforth,08-JAN-2018 to 25-APR-2018,T,1830-2120,SULV 112,.GLS.GNS.SUS,0,24,24,M
11389,3,BIO 105L-09,Major Concepts in Bio Lab,1,LAB,Heather Rushforth,08-JAN-2018 to 25-APR-2018,W,0900-1150,SULV 112,.GLS.GNS.SUS,0,24,24,M
14189,3,BIO 105L-10,Major Concepts in Bio Lab,1,LAB,Heather Rushforth,08-JAN-2018 to 25-APR-2018,W,1200-1450,SULV 112,.GLS.GNS.SUS,0,24,24,M
14190,3,BIO 105L-11,Major Concepts in Bio Lab,1,LAB,Julia Loreth,08-JAN-2018 to 25-APR-2018,W,1500-1750,SULV 112,.GLS.GNS.SUS,1,24,23,M
14191,3,BIO 105L-12,Major Concepts in Bio Lab,1,LAB,Heather Rushforth,08-JAN-2018 to 25-APR-2018,W,1800-2050,SULV 112,.GLS.GNS.SUS,0,24,24,M
14193,3,BIO 105L-13,Major Concepts in Bio Lab,1,LAB,Heather Rushforth,08-JAN-2018 to 25-APR-2018,R,0930-1220,SULV 112,.GLS.GNS.SUS,0,24,24,M
14194,3,BIO 105L-14,Major Concepts in Bio Lab,1,LAB,Heather Rushforth,08-JAN-2018 to 25-APR-2018,R,1230-1520,SULV 112,.GLS.GNS.SUS,0,24,24,M
15222,3,BIO 105L-15,Major Concepts in Bio Lab,1,LAB,Heather Rushforth,08-JAN-2018 to 25-APR-2018,R,1530-1820,SULV 112,.GLS.GNS.SUS,2,24,22,M
15322,3,BIO 105L-16,Major Concepts in Bio Lab,1,WEB,Heather Rushforth,08-JAN-2018 to 25-APR-2018,,,,.GLS.GNS.SUS,0,9,9,M
15225,"3,29,30,141",BIO 105L-16D,Major Concepts in Bio Lab,1,WEB,Heather Rushforth,08-JAN-2018 to 25-APR-2018,,,,.GLS.GNS.SUS,-1,10,11,D
15226,3,BIO 105L-17,Major Concepts in Bio Lab,1,WEB,Heather Rushforth,08-JAN-2018 to 25-APR-2018,,,,.GLS.GNS.SUS,0,10,10,M
15227,"3,29,30,141",BIO 105L-17D,Major Concepts in Bio Lab,1,WEB,Heather Rushforth,08-JAN-2018 to 25-APR-2018,,,,.GLS.GNS.SUS,0,10,10,D
15229,3,BIO 105L-18,Major Concepts in Bio Lab,1,WEB,Austin N. Craven,08-JAN-2018 to 25-APR-2018,,,,.GLS.GNS.SUS,0,10,10,M
15537,"3,29,30,141",BIO 105L-18D,Major Concepts in Bio Lab,1,WEB,Austin N. Craven,08-JAN-2018 to 25-APR-2018,,,,.GLS.GNS.SUS,4,10,6,D
11390,3,BIO 111-01,Principles of Biology I,4,LEC,John E. Tomkiel Dean,08-JAN-2018 to 25-APR-2018,T R,1400-1515,EBER 250,.ENV.GLS.GNS.SUS,10,192,182,M
11391,3,BIO 111-02,Principles of Biology I,4,LEC,Julia Loreth,08-JAN-2018 to 25-APR-2018,M W F,1000-1050,SOEB 120,.ENV.GLS.GNS.SUS,13,192,179,M
11392,3,BIO 111-03,Principles of Biology I,4,LEC,Margaret L. Horton,08-JAN-2018 to 25-APR-2018,T R,1800-1915,EBER 250,.ENV.GLS.GNS.SUS,74,180,106,M
14848,3,BIO 111-04,Principles of Biology I,4,LEC,Maria Cristina D. Moreira,08-JAN-2018 to 25-APR-2018,M W,1400-1515,SULV 101,.ENV.GLS.GNS.SUS,7,180,173,M
11393,3,BIO 111L-01,Princpls of Biology I Lab,0,LAB,Joseph C. Bundy,08-JAN-2018 to 25-APR-2018,M,0900-1150,SULV 138,.ENV,0,24,24,M
11394,3,BIO 111L-02,Princpls of Biology I Lab,0,LAB,Joseph C. Bundy,08-JAN-2018 to 25-APR-2018,M,0930-1220,SULV 140,.ENV,1,24,23,M
11395,3,BIO 111L-03,Princpls of Biology I Lab,0,LAB,Joseph C. Bundy,08-JAN-2018 to 25-APR-2018,M,1200-1450,SULV 138,.ENV,0,24,24,M
11396,3,BIO 111L-04,Princpls of Biology I Lab,0,LAB,Joseph C. Bundy,08-JAN-2018 to 25-APR-2018,M,1230-1520,SULV 140,.ENV,0,24,24,M
11397,3,BIO 111L-05,Princpls of Biology I Lab,0,LAB,Joseph C. Bundy,08-JAN-2018 to 25-APR-2018,M,1500-1750,SULV 138,.ENV,1,24,23,M
11398,3,BIO 111L-06,Princpls of Biology I Lab,0,LAB,Joseph C. Bundy,08-JAN-2018 to 25-APR-2018,M,1530-1820,SULV 140,.ENV,1,24,23,M
11399,3,BIO 111L-07,Princpls of Biology I Lab,0,LAB,Joseph C. Bundy,08-JAN-2018 to 25-APR-2018,M,1800-2050,SULV 138,.ENV,2,24,22,M
11400,3,BIO 111L-08,Princpls of Biology I Lab,0,LAB,Joseph C. Bundy,08-JAN-2018 to 25-APR-2018,M,1830-2120,SULV 140,.ENV,2,24,22,M
11401,3,BIO 111L-09,Princpls of Biology I Lab,0,LAB,Joseph C. Bundy,08-JAN-2018 to 25-APR-2018,T,0900-1150,SULV 138,.ENV,0,24,24,M
11402,3,BIO 111L-10,Princpls of Biology I Lab,0,LAB,Joseph C. Bundy,08-JAN-2018 to 25-APR-2018,T,0930-1220,SULV 140,.ENV,1,24,23,M
11403,3,BIO 111L-11,Princpls of Biology I Lab,0,LAB,Joseph C. Bundy,08-JAN-2018 to 25-APR-2018,T,1200-1450,SULV 138,.ENV,0,24,24,M
11404,3,BIO 111L-12,Princpls of Biology I Lab,0,LAB,Joseph C. Bundy,08-JAN-2018 to 25-APR-2018,T,1230-1520,SULV 140,.ENV,1,24,23,M
11405,3,BIO 111L-13,Princpls of Biology I Lab,0,LAB,Joseph C. Bundy,08-JAN-2018 to 25-APR-2018,T,1500-1750,SULV 138,.ENV,0,24,24,M
11406,3,BIO 111L-14,Princpls of Biology I Lab,0,LAB,Julia Loreth,08-JAN-2018 to 25-APR-2018,T,1530-1820,SULV 140,.ENV,1,24,23,M
11407,3,BIO 111L-15,Princpls of Biology I Lab,0,LAB,Joseph C. Bundy,08-JAN-2018 to 25-APR-2018,T,1800-2050,SULV 138,.ENV,0,24,24,M
14472,3,BIO 111L-16,Princpls of Biology I Lab,0,LAB,Joseph C. Bundy,08-JAN-2018 to 25-APR-2018,T,1830-2120,SULV 140,.ENV,19,24,5,M
14856,3,BIO 111L-17,Princpls of Biology I Lab,0,LAB,Joseph C. Bundy,08-JAN-2018 to 25-APR-2018,W,0900-1150,SULV 138,.ENV,2,24,22,M
14857,3,BIO 111L-18,Princpls of Biology I Lab,0,LAB,Joseph C. Bundy,08-JAN-2018 to 25-APR-2018,W,0930-1220,SULV 140,.ENV,0,24,24,M
14858,3,BIO 111L-19,Princpls of Biology I Lab,0,LAB,Joseph C. Bundy,08-JAN-2018 to 25-APR-2018,W,1200-1450,SULV 138,.ENV,0,24,24,M
14859,3,BIO 111L-20,Princpls of Biology I Lab,0,LAB,Casey M. Taylor,08-JAN-2018 to 25-APR-2018,W,1500-1750,SULV 138,.ENV,1,24,23,M
14860,3,BIO 111L-21,Princpls of Biology I Lab,0,LAB,Joseph C. Bundy,08-JAN-2018 to 25-APR-2018,W,1800-2050,SULV 138,.ENV,3,24,21,M
14861,3,BIO 111L-22,Princpls of Biology I Lab,0,LAB,Joseph C. Bundy,08-JAN-2018 to 25-APR-2018,W,1830-2120,SULV 140,.ENV,0,24,24,M
14862,3,BIO 111L-23,Princpls of Biology I Lab,0,LAB,Joseph C. Bundy,08-JAN-2018 to 25-APR-2018,R,0900-1150,SULV 138,.ENV,0,24,24,M
14863,3,BIO 111L-24,Princpls of Biology I Lab,0,LAB,Joseph C. Bundy,08-JAN-2018 to 25-APR-2018,R,0930-1220,SULV 140,.ENV,1,24,23,M
14864,3,BIO 111L-25,Princpls of Biology I Lab,0,LAB,Joseph C. Bundy,08-JAN-2018 to 25-APR-2018,R,1200-1450,SULV 138,.ENV,1,24,23,M
14865,3,BIO 111L-26,Princpls of Biology I Lab,0,LAB,Joseph C. Bundy,08-JAN-2018 to 25-APR-2018,R,1230-1520,SULV 140,.ENV,0,24,24,M
14866,3,BIO 111L-27,Princpls of Biology I Lab,0,LAB,Joseph C. Bundy,08-JAN-2018 to 25-APR-2018,R,1500-1750,SULV 138,.ENV,1,24,23,M
14867,3,BIO 111L-28,Princpls of Biology I Lab,0,LAB,Joseph C. Bundy,08-JAN-2018 to 25-APR-2018,R,1530-1820,SULV 140,.ENV,1,24,23,M
14868,3,BIO 111L-29,Princpls of Biology I Lab,0,LAB,Joseph C. Bundy,08-JAN-2018 to 25-APR-2018,R,1800-2050,SULV 138,.ENV,18,24,6,M
11414,3,BIO 112-02,Principles of Biology II,4,LEC,Peter W. Blum,08-JAN-2018 to 25-APR-2018,M W F,1100-1150,SULV 101,.ENV.GLS.GNS,42,225,183,M
11415,"3,14,37",BIO 112-03,Principles of Biology II,4,LEC,John J. Lepri,08-JAN-2018 to 25-APR-2018,M W F,1200-1250,SULV 103,.ENV.GLS.GNS.HSS,12,24,12,M
16439,3,BIO 112-04,Principles of Biology II,4,LEC,Iglika V. Pavlova,08-JAN-2018 to 25-APR-2018,T R,0800-0915,SULV 200,.ENV.GLS.GNS,20,95,75,M
11416,3,BIO 112L-01,Princpls of Biology II Lab,0,LAB,Joseph C. Bundy,08-JAN-2018 to 25-APR-2018,M,0930-1220,SULV 114,,14,24,10,M
11417,3,BIO 112L-02,Princpls of Biology II Lab,0,LAB,Joseph C. Bundy,08-JAN-2018 to 25-APR-2018,M,1200-1450,SULV 124,,-1,24,25,M
11430,3,BIO 112L-03,Princpls of Biology II Lab,0,LAB,Joseph C. Bundy,08-JAN-2018 to 25-APR-2018,M,1230-1520,SULV 114,,0,24,24,M
11418,3,BIO 112L-04,Princpls of Biology II Lab,0,LAB,Joseph C. Bundy,08-JAN-2018 to 25-APR-2018,M,1500-1750,SULV 124,,4,24,20,M
11419,3,BIO 112L-05,Princpls of Biology II Lab,0,LAB,Joseph C. Bundy,08-JAN-2018 to 25-APR-2018,M,1530-1820,SULV 114,,10,24,14,M
11421,3,BIO 112L-06,Princpls of Biology II Lab,0,LAB,Joseph C. Bundy,08-JAN-2018 to 25-APR-2018,T,0930-1220,SULV 114,,0,24,24,M
11422,3,BIO 112L-07,Princpls of Biology II Lab,0,LAB,Joseph C. Bundy,08-JAN-2018 to 25-APR-2018,T,1230-1520,SULV 114,,1,24,23,M
11423,3,BIO 112L-08,Princpls of Biology II Lab,0,LAB,Joseph C. Bundy,08-JAN-2018 to 25-APR-2018,T,1530-1820,SULV 114,,-1,24,25,M
11424,3,BIO 112L-09,Princpls of Biology II Lab,0,LAB,Joseph C. Bundy,08-JAN-2018 to 25-APR-2018,T,1830-2120,SULV 114,,17,24,7,M
11429,3,BIO 112L-10,Princpls of Biology II Lab,0,LAB,Joseph C. Bundy,08-JAN-2018 to 25-APR-2018,W,0900-1150,SULV 114,,16,24,8,M
11425,3,BIO 112L-11,Princpls of Biology II Lab,0,LAB,Iglika V. Pavlova,08-JAN-2018 to 25-APR-2018,W,1500-1750,SULV 124,,10,24,14,M
11426,3,BIO 112L-12,Princpls of Biology II Lab,0,LAB,Elizabeth S. Tomlin,08-JAN-2018 to 25-APR-2018,R,0930-1220,SULV 124,,2,24,22,M
11427,3,BIO 112L-13,Princpls of Biology II Lab,0,LAB,Joseph C. Bundy,08-JAN-2018 to 25-APR-2018,R,0900-1150,SULV 114,,7,24,17,M
11428,3,BIO 112L-14,Princpls of Biology II Lab,0,LAB,Margaret L. Horton,08-JAN-2018 to 25-APR-2018,R,1230-1520,SULV 124,,0,24,24,M
13795,3,BIO 112L-15,Princpls of Biology II Lab,0,LAB,Joseph C. Bundy,08-JAN-2018 to 25-APR-2018,R,1800-2050,SULV 114,,11,24,13,M
11433,"1,3,6",BIO 271-01,Human Anatomy,4,LEC,Jeremy P. Ingraham,08-JAN-2018 to 25-APR-2018,M W F,1000-1050,SULV 101,,5,288,283,M
11434,"5,7",BIO 271L-01,Human Anatomy Lab,0,LAB,Margaret K. Hood,08-JAN-2018 to 25-APR-2018,M,1230-1520,SULV 141,,0,24,24,M
11435,"5,7",BIO 271L-02,Human Anatomy Lab,0,LAB,Jeremy P. Ingraham,08-JAN-2018 to 25-APR-2018,M,1400-1650,SULV 147,,0,24,24,M
11436,"5,7",BIO 271L-03,Human Anatomy Lab,0,LAB,Margaret K. Hood,08-JAN-2018 to 25-APR-2018,T,0900-1150,SULV 141,,1,24,23,M
11437,"5,7",BIO 271L-04,Human Anatomy Lab,0,LAB,Jessica K. Mayer,08-JAN-2018 to 25-APR-2018,T,0900-1150,SULV 147,,2,24,22,M
11438,"5,7",BIO 271L-05,Human Anatomy Lab,0,LAB,Ann B. Somers,08-JAN-2018 to 25-APR-2018,T,1230-1520,SULV 141,,0,24,24,M
11808,"5,7",BIO 271L-06,Human Anatomy Lab,0,LAB,Candie N. Rumph,08-JAN-2018 to 25-APR-2018,T,1400-1650,SULV 147,,0,24,24,M
11439,"5,7",BIO 271L-07,Human Anatomy Lab,0,LAB,Margaret K. Hood,08-JAN-2018 to 25-APR-2018,W,1230-1520,SULV 141,,0,24,24,M
11440,"5,7",BIO 271L-08,Human Anatomy Lab,0,LAB,Jeremy P. Ingraham,08-JAN-2018 to 25-APR-2018,W,1400-1650,SULV 147,,0,24,24,M
11441,"5,7",BIO 271L-09,Human Anatomy Lab,0,LAB,Candie N. Rumph,08-JAN-2018 to 25-APR-2018,R,0900-1150,SULV 141,,0,24,24,M
11442,"5,7",BIO 271L-10,Human Anatomy Lab,0,LAB,Jeremy P. Ingraham,08-JAN-2018 to 25-APR-2018,R,0900-1150,SULV 147,,2,24,22,M
11443,"5,7",BIO 271L-11,Human Anatomy Lab,0,LAB,Margaret K. Hood,08-JAN-2018 to 25-APR-2018,T,1530-1820,SULV 141,,0,24,24,M
13304,"5,7",BIO 271L-12,Human Anatomy Lab,0,LAB,Margaret K. Hood,08-JAN-2018 to 25-APR-2018,M,1530-1820,SULV 141,,0,24,24,M
11444,3,BIO 277-01,Human Physiology,4,LEC,Elizabeth S. Tomlin,08-JAN-2018 to 25-APR-2018,M W F,0800-0850,SULV 101,.ENV,49,288,239,M
11445,,BIO 277L-01,Human Physiology Lab,0,LAB,Candie N. Rumph,08-JAN-2018 to 25-APR-2018,T,0930-1220,EBER 327,,3,24,21,M
11446,,BIO 277L-02,Human Physiology Lab,0,LAB,Elizabeth S. Tomlin,08-JAN-2018 to 25-APR-2018,T,1300-1550,EBER 323,,0,24,24,M
11447,,BIO 277L-03,Human Physiology Lab,0,LAB,Elizabeth S. Tomlin,08-JAN-2018 to 25-APR-2018,T,1630-1920,EBER 327,,9,24,15,M
11448,,BIO 277L-04,Human Physiology Lab,0,LAB,Casey M. Taylor,08-JAN-2018 to 25-APR-2018,W,0930-1220,EBER 327,,1,24,23,M
11449,,BIO 277L-05,Human Physiology Lab,0,LAB,Candie N. Rumph,08-JAN-2018 to 25-APR-2018,W,0930-1220,EBER 323,,0,24,24,M
11450,,BIO 277L-06,Human Physiology Lab,0,LAB,Jessica K. Mayer,08-JAN-2018 to 25-APR-2018,W,1300-1550,EBER 327,,2,24,22,M
11452,,BIO 277L-07,Human Physiology Lab,0,LAB,Elizabeth S. Tomlin,08-JAN-2018 to 25-APR-2018,R,1300-1550,EBER 323,,3,24,21,M
11453,,BIO 277L-08,Human Physiology Lab,0,LAB,Elizabeth S. Tomlin,08-JAN-2018 to 25-APR-2018,R,0930-1220,EBER 323,,5,24,19,M
11454,,BIO 277L-09,Human Physiology Lab,0,LAB,Jessica K. Mayer,08-JAN-2018 to 25-APR-2018,R,0930-1220,EBER 327,,6,24,18,M
11455,,BIO 277L-10,Human Physiology Lab,0,LAB,Elizabeth S. Tomlin,08-JAN-2018 to 25-APR-2018,W,1300-1550,EBER 323,,3,24,21,M
11456,,BIO 277L-11,Human Physiology Lab,0,LAB,Jessica K. Mayer,08-JAN-2018 to 25-APR-2018,T,1300-1550,EBER 327,,8,24,16,M
11457,,BIO 277L-12,Human Physiology Lab,0,LAB,Elizabeth S. Tomlin,08-JAN-2018 to 25-APR-2018,T,0930-1220,EBER 323,,9,24,15,M
11458,"1,3,6",BIO 280-01,Fundamentals in Microbiology,4,LEC,Roberta G. Maxwell,08-JAN-2018 to 25-APR-2018,T R,1400-1515,SULV 101,,0,192,192,M
11459,"5,7",BIO 280L-01,Fundmntls of Microbiology Lab,0,LAB,Joseph C. Bundy,08-JAN-2018 to 25-APR-2018,M W,0900-1050,EBER 333,,0,24,24,M
11460,"5,7",BIO 280L-02,Fundmntls of Microbiology Lab,0,LAB,Roberta G. Maxwell,08-JAN-2018 to 25-APR-2018,M W,1100-1250,EBER 333,,0,24,24,M
11461,"5,7",BIO 280L-03,Fundmntls of Microbiology Lab,0,LAB,Joseph C. Bundy,08-JAN-2018 to 25-APR-2018,M W,1300-1450,EBER 333,,-1,24,25,M
11462,"5,7",BIO 280L-04,Fundmntls of Microbiology Lab,0,LAB,Ashley D. Herring,08-JAN-2018 to 25-APR-2018,M W,1500-1650,EBER 333,,1,24,23,M
11463,"5,7",BIO 280L-05,Fundmntls of Microbiology Lab,0,LAB,Joseph C. Bundy,08-JAN-2018 to 25-APR-2018,T R,0930-1120,EBER 333,,-1,24,25,M
13782,"5,7",BIO 280L-06,Fundmntls of Microbiology Lab,0,LAB,Casey M. Taylor,08-JAN-2018 to 25-APR-2018,T R,1130-1320,EBER 333,,-1,24,25,M
14443,"5,7",BIO 280L-07,Fundmntls of Microbiology Lab,0,LAB,Casey M. Taylor,08-JAN-2018 to 25-APR-2018,T R,1530-1720,EBER 333,,0,24,24,M
15806,"5,7",BIO 280L-08,Fundmntls of Microbiology Lab,0,LAB,Ashley D. Herring,08-JAN-2018 to 25-APR-2018,M W,1700-1900,EBER 333,,2,24,22,M
11464,3,BIO 301-01,Principles of Ecology,3,LEC,Gideon Wasserberg,08-JAN-2018 to 25-APR-2018,T R,1100-1215,SULV 101,.ENV.SUS,23,180,157,M
14869,3,BIO 315-01,Ecology and Evolution Lab,2,LAB,Curtis E. Green,08-JAN-2018 to 25-APR-2018,M,0900-1150,SULV 117,.WI,9,24,15,M
14870,3,BIO 315-02,Ecology and Evolution Lab,2,LAB,Peter W. Blum,08-JAN-2018 to 25-APR-2018,M,1300-1550,SULV 117,.WI,14,24,10,M
14872,3,BIO 315-03,Ecology and Evolution Lab,2,LAB,Austin N. Craven,08-JAN-2018 to 25-APR-2018,T,0900-1150,SULV 117,.WI,16,24,8,M
14873,3,BIO 315-04,Ecology and Evolution Lab,2,LAB,Peter W. Blum,08-JAN-2018 to 25-APR-2018,T,1300-1550,SULV 117,.WI,1,24,23,M
14874,3,BIO 315-05,Ecology and Evolution Lab,2,LAB,Curtis E. Green,08-JAN-2018 to 25-APR-2018,W,0900-1150,SULV 117,.WI,6,24,18,M
14876,3,BIO 315-06,Ecology and Evolution Lab,2,LAB,Robert H. Stavn,08-JAN-2018 to 25-APR-2018,W,1300-1550,SULV 117,.WI,3,24,21,M
14877,3,BIO 315-07,Ecology and Evolution Lab,2,LAB,Curtis E. Green,08-JAN-2018 to 25-APR-2018,R,0900-1150,SULV 117,.WI,16,24,8,M
14878,3,BIO 315-08,Ecology and Evolution Lab,2,LAB,Curtis E. Green,08-JAN-2018 to 25-APR-2018,R,1300-1550,SULV 117,.WI,-1,24,25,M
14879,3,BIO 330-01,Evolution,3,LEC,David L. Remington,08-JAN-2018 to 25-APR-2018,M W,1400-1515,CURY 225,,119,250,131,M
11465,3,BIO 355-01,Cell Biology,3,LEC,Mark D. Hens,08-JAN-2018 to 25-APR-2018,M W F,1000-1050,EBER 250,,26,185,159,M
14884,3,BIO 375-01,Cell Biology and Genetics Lab,2,LAB,Karen S. Katula,08-JAN-2018 to 25-APR-2018,M,1300-1550,SULV 363,.WI,8,20,12,M
14887,3,BIO 375-02,Cell Biology and Genetics Lab,2,LAB,John E. Tomkiel Dean,08-JAN-2018 to 25-APR-2018,M,1300-1550,SULV 365,.WI,10,20,10,M
14888,3,BIO 375-03,Cell Biology and Genetics Lab,2,LAB,Ashley D. Herring,08-JAN-2018 to 25-APR-2018,T,1300-1550,SULV 363,.WI,1,20,19,M
14889,3,BIO 375-04,Cell Biology and Genetics Lab,2,LAB,Maria Cristina D. Moreira,08-JAN-2018 to 25-APR-2018,T,1300-1550,SULV 365,.WI,8,20,12,M
14890,3,BIO 375-05,Cell Biology and Genetics Lab,2,LAB,Mark D. Hens,08-JAN-2018 to 25-APR-2018,W,1300-1550,SULV 363,.WI,1,20,19,M
14891,3,BIO 375-06,Cell Biology and Genetics Lab,2,LAB,Austin N. Craven,08-JAN-2018 to 25-APR-2018,W,1300-1550,SULV 365,.WI,8,20,12,M
14892,3,BIO 375-07,Cell Biology and Genetics Lab,2,LAB,Ashley D. Herring,08-JAN-2018 to 25-APR-2018,R,1300-1550,SULV 363,.WI,2,20,18,M
14893,3,BIO 375-08,Cell Biology and Genetics Lab,2,LAB,Maria Cristina D. Moreira,08-JAN-2018 to 25-APR-2018,R,1300-1550,SULV 365,.WI,11,20,9,M
11468,3,BIO 392-01,Genetics,3,LEC,Joshua P. Vandenbrink,08-JAN-2018 to 25-APR-2018,T R,0930-1045,SULV 101,,96,250,154,M
11471,"3,25,32",BIO 420-01,Marine Biology,3,LEC,Robert H. Stavn,08-JAN-2018 to 25-APR-2018,T R,1530-1645,SULV 201,.ENV,4,56,52,M
14178,3,BIO 438-01,Animal Behavior,3,LEC,Olav Rueppell,08-JAN-2018 to 25-APR-2018,M W F,0800-0850,PETT 150,.ENV,0,34,34,M
14894,3,BIO 464-01,Developmental Biology,4,LEL,Ramji K. Bhandari,08-JAN-2018 to 25-APR-2018,T R,0930-1045,PETT 007,,7,24,17,M
14894,,,,,,,,W,1230-1520,SULV 139,,,,,
14895,3,BIO 472-01,Histology,4,LEL,Esther M. Leise,08-JAN-2018 to 25-APR-2018,T R,1100-1215,SULV 218,,0,20,20,M
14895,,,,,,,,T,1300-1650,SULV 125,,,,,
13432,3,BIO 488-01,Essentials of Toxicology,3,LEC,Zhenquan Jia,08-JAN-2018 to 25-APR-2018,M W,1200-1315,SULV 233,,-5,35,40,M
11485,"1,8,14,37,159",BIO 493-01,Honors Work,3,IND,John J. Lepri,08-JAN-2018 to 25-APR-2018,,,,.HSS,9,10,1,M
15856,"1,8,14,37,159",BIO 493-03,Honors Work,3,IND,Ramji K. Bhandari,08-JAN-2018 to 25-APR-2018,,,,.HSS,10,10,0,M
11486,3,BIO 494-01,Intro to Biotechnology,4,LEL,Paul A. Steimle,08-JAN-2018 to 25-APR-2018,T R,1230-1345,SULV 103,,0,24,24,M
11486,,,,,,Emily K. Lehman,,R,1400-1650,SULV 125,,,,,
11487,"1,3,14,159,374",BIO 497-01,Internship in Biology,1,PRC,Ann B. Somers,08-JAN-2018 to 25-APR-2018,F,1300-1350,SULV 103,,6,24,18,M
11488,"1,3,14,159,374",BIO 497-02,Internship in Biology,1,PRC,Ann B. Somers,08-JAN-2018 to 25-APR-2018,F,1400-1450,SULV 301,,14,24,10,M
11489,"1,3,159,374",BIO 499-01,Undergraduate Research,1,IND,Amy L. Adamson,08-JAN-2018 to 25-APR-2018,,,,,0,2,2,M
16440,"1,3,159,374",BIO 499-02,Undergraduate Research,1,IND,,08-JAN-2018 to 25-APR-2018,,,,,10,10,0,M
11493,"1,3,159,374",BIO 499-03,Undergraduate Research,1,IND,Ramji K. Bhandari,08-JAN-2018 to 25-APR-2018,,,,,4,10,6,M
11494,"1,3,159,374",BIO 499-04,Undergraduate Research,1,IND,Mark D. Hens,08-JAN-2018 to 25-APR-2018,,,,,10,10,0,M
11495,"1,3,159,374",BIO 499-05,Undergraduate Research,1,IND,Anne E. Hershey,08-JAN-2018 to 25-APR-2018,,,,,15,15,0,M
11496,"1,3,159,374",BIO 499-06,Undergraduate Research,1,IND,Zhenquan Jia,08-JAN-2018 to 25-APR-2018,,,,,5,10,5,M
11497,"1,3,159,374",BIO 499-07,Undergraduate Research,1,IND,Matina C. Kalcounis-Ruppell,08-JAN-2018 to 25-APR-2018,,,,,8,10,2,M
11498,"1,3,159,374",BIO 499-08,Undergraduate Research,1,IND,Karen S. Katula,08-JAN-2018 to 25-APR-2018,,,,,6,10,4,M
11499,"1,3,159,374",BIO 499-09,Undergraduate Research,1,IND,Bruce K. Kirchoff,08-JAN-2018 to 25-APR-2018,,,,,9,10,1,M
11490,"1,3,159,374",BIO 499-10,Undergraduate Research,1,IND,Sarah E. Koerner,08-JAN-2018 to 25-APR-2018,,,,,6,10,4,M
11500,"1,3,159,374",BIO 499-12,Undergraduate Research,1,IND,Esther M. Leise,08-JAN-2018 to 25-APR-2018,,,,,10,10,0,M
11501,"1,3,159,374",BIO 499-13,Undergraduate Research,1,IND,John J. Lepri,08-JAN-2018 to 25-APR-2018,,,,,10,10,0,M
11502,"1,3,159,374",BIO 499-14,Undergraduate Research,1,IND,,08-JAN-2018 to 25-APR-2018,,,,,10,10,0,M
11503,"1,3,159,374",BIO 499-15,Undergraduate Research,1,IND,Yashomati M. Patel,08-JAN-2018 to 25-APR-2018,,,,,10,10,0,M
11504,"1,3,159,374",BIO 499-16,Undergraduate Research,1,IND,David L. Remington,08-JAN-2018 to 25-APR-2018,,,,,7,10,3,M
11505,"1,3,159,374",BIO 499-17,Undergraduate Research,1,IND,Parke A. Rublee,08-JAN-2018 to 25-APR-2018,,,,,10,10,0,M
11506,"1,3,159,374",BIO 499-18,Undergraduate Research,1,IND,Olav Rueppell,08-JAN-2018 to 25-APR-2018,,,,,3,10,7,M
11507,"1,3,159,374",BIO 499-19,Undergraduate Research,1,IND,Malcolm D. Schug,08-JAN-2018 to 25-APR-2018,,,,,2,10,8,M
11545,"1,3,159,374",BIO 499-20,Undergraduate Research,1,IND,Ann B. Somers,08-JAN-2018 to 25-APR-2018,,,,,10,10,0,M
11546,"1,3,159,374",BIO 499-21,Undergraduate Research,1,IND,Robert H. Stavn,08-JAN-2018 to 25-APR-2018,,,,,10,10,0,M
11547,"1,3,159,374",BIO 499-22,Undergraduate Research,1,IND,Paul A. Steimle,08-JAN-2018 to 25-APR-2018,,,,,8,10,2,M
11548,"1,3,159,374",BIO 499-23,Undergraduate Research,1,IND,John E. Tomkiel Dean,08-JAN-2018 to 25-APR-2018,,,,,6,10,4,M
11550,"1,3,159,374",BIO 499-24,Undergraduate Research,1,IND,Gideon Wasserberg,08-JAN-2018 to 25-APR-2018,,,,,7,10,3,M
12855,"1,3,159,374",BIO 499-25,Undergraduate Research,1,IND,Tsz-Ki M. Tsui,08-JAN-2018 to 25-APR-2018,,,,,10,10,0,M
16475,"1,3,159,374",BIO 499-26,Undergraduate Research,1,IND,Joseph L. Graves,08-JAN-2018 to 25-APR-2018,,,,,7,10,3,M
16441,3,BIO 529-01,Aquatic Ecology,3,LEC,Anne E. Hershey,08-JAN-2018 to 25-APR-2018,M,1400-1700,EBER 161,.ENV,3,30,27,M
16714,3,BIO 535-01,Biochem:Metabolic Regulation,3,LEC,Yashomati M. Patel,08-JAN-2018 to 25-APR-2018,M W,1400-1515,GRAM 204,,0,20,20,M
16808,3,BIO 543-01,Biophysics,3,LEC,Promod R. Pratap,08-JAN-2018 to 25-APR-2018,T R,1530-1645,EBER 161,,17,20,3,M
16447,"1,3,159",BIO 549-01,Current Topics:Stable Isotopes,1,SEM,Tsz-Ki M. Tsui,08-JAN-2018 to 25-APR-2018,W,1400-1450,SULV 301,,2,15,13,M
16451,"1,3,159",BIO 549-02,Scientific Reading & Writing,1,SEM,Matina C. Kalcounis-Ruppell,08-JAN-2018 to 25-APR-2018,M,1600-1650,EBER 310,,8,20,12,M
15514,3,BIO 554-01,Vascular Plant Systematics,4,LEL,Bruce K. Kirchoff,08-JAN-2018 to 25-APR-2018,T R,1230-1345,SULV 203,.ENV.SI,1,24,23,M
15515,7,BIO 554L-01,Vascular Plant Systematics Lab,0,LAB,Bruce K. Kirchoff,08-JAN-2018 to 25-APR-2018,T,1400-1650,SULV 123,,1,24,23,M
14160,3,BIO 555-01,Vertebrate Reproduction,3,LEC,John J. Lepri,08-JAN-2018 to 25-APR-2018,M W F,0900-0950,SULV 355,,9,30,21,M
14163,3,BIO 560-01,Symbiosis,3,LEC,Parke A. Rublee,08-JAN-2018 to 25-APR-2018,T R,1400-1515,SULV 218,.WI,-3,20,23,M
12856,3,BIO 583-01,Virology,3,LEC,Amy L. Adamson,08-JAN-2018 to 25-APR-2018,T R,0930-1045,SULV 349,,0,25,25,M
14902,3,BIO 586-01,Cell Cycle and Cancer,3,LEC,Karen S. Katula,08-JAN-2018 to 25-APR-2018,T R,1100-1215,EBER 554,,0,30,30,M
14164,3,BIO 596-01,Moleculr Bio Apprch in Resrch,1,SEM,David L. Remington,08-JAN-2018 to 25-APR-2018,T,1400-1450,STON 217,.SI,-3,20,23,M
16712,3,BIO 596-02,Moleculr Bio Apprch in Resrch,1,LEC,John J. Lepri,08-JAN-2018 to 25-APR-2018,M,1500-1550,SULV 103,.SI,1,24,23,M
15725,3,BIO 596-03,Moleculr Bio Apprch- HUM EVOL,1,SEM,Malcolm D. Schug,08-JAN-2018 to 25-APR-2018,F,0900-0950,SULV 218,.SI,0,25,25,M
16446,3,BIO 597-01,Biotechnology: Toxicology,1,LEL,Tsz-Ki M. Tsui,08-JAN-2018 to 25-APR-2018,M,1400-1550,SULV 139,,15,24,9,M
16465,3,BIO 601-01,Seminar in Animal Ecology,3,LEC,Gideon Wasserberg,08-JAN-2018 to 25-APR-2018,R,1500-1730,EBER 554,,18,20,2,M
16466,3,BIO 609-01,Seminar in Molecular Biology,3,SEM,Amy L. Adamson,08-JAN-2018 to 25-APR-2018,T R,1400-1515,SULV 217,,20,24,4,M
11598,"1,8,159",BIO 695-01,Biological Research,1,IND,Amy L. Adamson,08-JAN-2018 to 25-APR-2018,,,,,10,10,0,M
11599,"1,8,159",BIO 695-02,Biological Research,1,IND,,08-JAN-2018 to 25-APR-2018,,,,,10,10,0,M
11600,"1,8,159",BIO 695-03,Biological Research,1,IND,Ramji K. Bhandari,08-JAN-2018 to 25-APR-2018,,,,,9,10,1,M
11601,"1,8,159",BIO 695-04,Biological Research,1,IND,Mark D. Hens,08-JAN-2018 to 25-APR-2018,,,,,10,10,0,M
11602,"1,8,159",BIO 695-05,Biological Research,1,IND,Anne E. Hershey,08-JAN-2018 to 25-APR-2018,,,,,10,10,0,M
11603,"1,8,159",BIO 695-06,Biological Research,1,IND,Zhenquan Jia,08-JAN-2018 to 25-APR-2018,,,,,8,10,2,M
11604,"1,8,159",BIO 695-07,Biological Research,1,IND,Matina C. Kalcounis-Ruppell,08-JAN-2018 to 25-APR-2018,,,,,10,10,0,M
11605,"1,8,159",BIO 695-08,Biological Research,1,IND,Karen S. Katula,08-JAN-2018 to 25-APR-2018,,,,,10,10,0,M
11607,"1,8,159",BIO 695-09,Biological Research,1,IND,Bruce K. Kirchoff,08-JAN-2018 to 25-APR-2018,,,,,10,10,0,M
11608,"1,8,159",BIO 695-10,Biological Research,1,IND,Sarah E. Koerner,08-JAN-2018 to 25-APR-2018,,,,,9,10,1,M
11609,"1,8,159",BIO 695-12,Biological Research,1,IND,Esther M. Leise,08-JAN-2018 to 25-APR-2018,,,,,10,10,0,M
11610,"1,8,159",BIO 695-13,Biological Research,1,IND,John J. Lepri,08-JAN-2018 to 25-APR-2018,,,,,10,10,0,M
11611,"1,8,159",BIO 695-14,Biological Research,1,IND,,08-JAN-2018 to 25-APR-2018,,,,,10,10,0,M
11612,"1,8,159",BIO 695-15,Biological Research,1,IND,Yashomati M. Patel,08-JAN-2018 to 25-APR-2018,,,,,8,10,2,M
11613,"1,8,159",BIO 695-16,Biological Research,1,IND,David L. Remington,08-JAN-2018 to 25-APR-2018,,,,,10,10,0,M
11614,"1,8,159",BIO 695-17,Biological Research,1,IND,Parke A. Rublee,08-JAN-2018 to 25-APR-2018,,,,,10,10,0,M
11615,"1,8,159",BIO 695-18,Biological Research,1,IND,Olav Rueppell,08-JAN-2018 to 25-APR-2018,,,,,10,10,0,M
11617,"1,8,159",BIO 695-19,Biological Research,1,IND,Malcolm D. Schug,08-JAN-2018 to 25-APR-2018,,,,,10,10,0,M
11618,"1,8,159",BIO 695-20,Biological Research,1,IND,Robert H. Stavn,08-JAN-2018 to 25-APR-2018,,,,,10,10,0,M
11619,"1,8,159",BIO 695-21,Biological Research,1,IND,Paul A. Steimle,08-JAN-2018 to 25-APR-2018,,,,,10,10,0,M
11622,"1,8,159",BIO 695-22,Biological Research,1,IND,John E. Tomkiel Dean,08-JAN-2018 to 25-APR-2018,,,,,10,10,0,M
11628,"1,8,159",BIO 695-23,Biological Research,1,IND,Gideon Wasserberg,08-JAN-2018 to 25-APR-2018,,,,,9,10,1,M
12862,"1,8,159",BIO 695-24,Biological Research,1,IND,Tsz-Ki M. Tsui,08-JAN-2018 to 25-APR-2018,,,,,10,10,0,M
11631,159,BIO 699-01,Thesis,1,DTS,Amy L. Adamson,08-JAN-2018 to 25-APR-2018,,,,,8,10,2,M
11633,159,BIO 699-02,Thesis,1,DTS,,08-JAN-2018 to 25-APR-2018,,,,,10,10,0,M
11635,159,BIO 699-03,Thesis,1,DTS,Ramji K. Bhandari,08-JAN-2018 to 25-APR-2018,,,,,7,10,3,M
11647,159,BIO 699-04,Thesis,1,DTS,Mark D. Hens,08-JAN-2018 to 25-APR-2018,,,,,10,10,0,M
11649,159,BIO 699-05,Thesis,1,DTS,Anne E. Hershey,08-JAN-2018 to 25-APR-2018,,,,,9,10,1,M
11652,159,BIO 699-06,Thesis,1,DTS,Zhenquan Jia,08-JAN-2018 to 25-APR-2018,,,,,8,10,2,M
11655,159,BIO 699-07,Thesis,1,DTS,Matina C. Kalcounis-Ruppell,08-JAN-2018 to 25-APR-2018,,,,,9,10,1,M
11658,159,BIO 699-08,Thesis,1,DTS,Karen S. Katula,08-JAN-2018 to 25-APR-2018,,,,,8,10,2,M
11685,159,BIO 699-09,Thesis,1,DTS,Bruce K. Kirchoff,08-JAN-2018 to 25-APR-2018,,,,,10,10,0,M
11687,159,BIO 699-10,Thesis,1,DTS,Sarah E. Koerner,08-JAN-2018 to 25-APR-2018,,,,,10,10,0,M
11689,159,BIO 699-12,Thesis,1,DTS,Esther M. Leise,08-JAN-2018 to 25-APR-2018,,,,,10,10,0,M
11690,159,BIO 699-13,Thesis,1,DTS,John J. Lepri,08-JAN-2018 to 25-APR-2018,,,,,10,10,0,M
11691,159,BIO 699-14,Thesis,1,DTS,,08-JAN-2018 to 25-APR-2018,,,,,10,10,0,M
11694,159,BIO 699-15,Thesis,1,DTS,Yashomati M. Patel,08-JAN-2018 to 25-APR-2018,,,,,8,10,2,M
11696,159,BIO 699-16,Thesis,1,DTS,David L. Remington,08-JAN-2018 to 25-APR-2018,,,,,10,10,0,M
11700,159,BIO 699-17,Thesis,1,DTS,Parke A. Rublee,08-JAN-2018 to 25-APR-2018,,,,,10,10,0,M
11704,159,BIO 699-18,Thesis,1,DTS,Olav Rueppell,08-JAN-2018 to 25-APR-2018,,,,,8,10,2,M
11706,159,BIO 699-19,Thesis,1,DTS,Malcolm D. Schug,08-JAN-2018 to 25-APR-2018,,,,,10,10,0,M
11709,159,BIO 699-20,Thesis,1,DTS,Robert H. Stavn,08-JAN-2018 to 25-APR-2018,,,,,10,10,0,M
11711,159,BIO 699-21,Thesis,1,DTS,Paul A. Steimle,08-JAN-2018 to 25-APR-2018,,,,,10,10,0,M
11712,159,BIO 699-22,Thesis,1,DTS,John E. Tomkiel Dean,08-JAN-2018 to 25-APR-2018,,,,,10,10,0,M
11408,159,BIO 699-23,Thesis,1,DTS,Gideon Wasserberg,08-JAN-2018 to 25-APR-2018,,,,,9,10,1,M
12863,159,BIO 699-24,Thesis,1,DTS,Tsz-Ki M. Tsui,08-JAN-2018 to 25-APR-2018,,,,,10,10,0,M
15536,8,BIO 732-01,Env Hlth Sci II:Indiv-Molecles,3,LEC,Zhenquan Jia,08-JAN-2018 to 25-APR-2018,T R,1100-1215,SULV 301,,16,20,4,M
15718,8,BIO 734-01,Curr Rsch Envir Hlth Sci,1,DSC,Anne E. Hershey,08-JAN-2018 to 25-APR-2018,W,1220-1250,SULV 218,,5,10,5,M
15708,8,BIO 749-01,Research Lab Rotations,1,IND,Paul A. Steimle,08-JAN-2018 to 25-APR-2018,,,,,12,15,3,M
12512,"1,8,11,159",BIO 790-00,Directed Study in Env Hlth Sci,1,IND,Gideon Wasserberg,08-JAN-2018 to 25-APR-2018,,,,,8,10,2,M
11409,"1,8,11,159",BIO 790-01,Directed Study in Env Hlth Sci,1,IND,Amy L. Adamson,08-JAN-2018 to 25-APR-2018,,,,,10,10,0,M
12196,"1,8,11,159",BIO 790-02,Directed Study in Env Hlth Sci,1,IND,,08-JAN-2018 to 25-APR-2018,,,,,10,10,0,M
12197,"1,8,11,159",BIO 790-03,Directed Study in Env Hlth Sci,1,IND,Ramji K. Bhandari,08-JAN-2018 to 25-APR-2018,,,,,9,10,1,M
12198,"1,8,11,159",BIO 790-04,Directed Study in Env Hlth Sci,1,IND,Mark D. Hens,08-JAN-2018 to 25-APR-2018,,,,,10,10,0,M
12199,"1,8,11,159",BIO 790-05,Directed Study in Env Hlth Sci,1,IND,Anne E. Hershey,08-JAN-2018 to 25-APR-2018,,,,,9,10,1,M
12200,"1,8,11,159",BIO 790-06,Directed Study in Env Hlth Sci,1,IND,Zhenquan Jia,08-JAN-2018 to 25-APR-2018,,,,,10,10,0,M
12201,"1,8,11,159",BIO 790-07,Directed Study in Env Hlth Sci,1,IND,Matina C. Kalcounis-Ruppell,08-JAN-2018 to 25-APR-2018,,,,,10,10,0,M
12202,"1,8,11,159",BIO 790-08,Directed Study in Env Hlth Sci,1,IND,Karen S. Katula,08-JAN-2018 to 25-APR-2018,,,,,10,10,0,M
12203,"1,8,11,159",BIO 790-09,Directed Study in Env Hlth Sci,1,IND,Bruce K. Kirchoff,08-JAN-2018 to 25-APR-2018,,,,,10,10,0,M
12204,"1,8,11,159",BIO 790-10,Directed Study in Env Hlth Sci,1,IND,Sarah E. Koerner,08-JAN-2018 to 25-APR-2018,,,,,10,10,0,M
12205,"1,8,11,159",BIO 790-12,Directed Study in Env Hlth Sci,1,IND,Esther M. Leise,08-JAN-2018 to 25-APR-2018,,,,,10,10,0,M
12206,"1,8,11,159",BIO 790-13,Directed Study in Env Hlth Sci,1,IND,John J. Lepri,08-JAN-2018 to 25-APR-2018,,,,,10,10,0,M
12207,"1,8,11,159",BIO 790-14,Directed Study in Env Hlth Sci,1,IND,,08-JAN-2018 to 25-APR-2018,,,,,10,10,0,M
12208,"1,8,11,159",BIO 790-15,Directed Study in Env Hlth Sci,1,IND,Yashomati M. Patel,08-JAN-2018 to 25-APR-2018,,,,,10,10,0,M
12209,"1,8,11,159",BIO 790-16,Directed Study in Env Hlth Sci,1,IND,David L. Remington,08-JAN-2018 to 25-APR-2018,,,,,9,10,1,M
12210,"1,8,11,159",BIO 790-17,Directed Study in Env Hlth Sci,1,IND,Parke A. Rublee,08-JAN-2018 to 25-APR-2018,,,,,10,10,0,M
12211,"1,8,11,159",BIO 790-18,Directed Study in Env Hlth Sci,1,IND,Olav Rueppell,08-JAN-2018 to 25-APR-2018,,,,,8,10,2,M
12212,"1,8,11,159",BIO 790-19,Directed Study in Env Hlth Sci,1,IND,Malcolm D. Schug,08-JAN-2018 to 25-APR-2018,,,,,10,10,0,M
12213,"1,8,11,159",BIO 790-20,Directed Study in Env Hlth Sci,1,IND,Robert H. Stavn,08-JAN-2018 to 25-APR-2018,,,,,10,10,0,M
12214,"1,8,11,159",BIO 790-21,Directed Study in Env Hlth Sci,1,IND,Robert H. Stavn,08-JAN-2018 to 25-APR-2018,,,,,10,10,0,M
12215,"1,8,11,159",BIO 790-22,Directed Study in Env Hlth Sci,1,IND,Paul A. Steimle,08-JAN-2018 to 25-APR-2018,,,,,10,10,0,M
12216,"1,8,11,159",BIO 790-23,Directed Study in Env Hlth Sci,1,IND,John E. Tomkiel Dean,08-JAN-2018 to 25-APR-2018,,,,,9,10,1,M
12864,"1,8,11,159",BIO 790-24,Directed Study in Env Hlth Sci,1,IND,Tsz-Ki M. Tsui,08-JAN-2018 to 25-APR-2018,,,,,8,10,2,M
11410,"1,11,159",BIO 791-01,Independent Doctoral Research,1,IND,Amy L. Adamson,08-JAN-2018 to 25-APR-2018,,,,,4,5,1,M
12217,"1,11,159",BIO 791-02,Independent Doctoral Research,1,IND,,08-JAN-2018 to 25-APR-2018,,,,,5,5,0,M
12218,"1,11,159",BIO 791-03,Independent Doctoral Research,1,IND,Ramji K. Bhandari,08-JAN-2018 to 25-APR-2018,,,,,5,5,0,M
12219,"1,11,159",BIO 791-04,Independent Doctoral Research,1,IND,Mark D. Hens,08-JAN-2018 to 25-APR-2018,,,,,5,5,0,M
12220,"1,11,159",BIO 791-05,Independent Doctoral Research,1,IND,Anne E. Hershey,08-JAN-2018 to 25-APR-2018,,,,,5,5,0,M
12222,"1,11,159",BIO 791-06,Independent Doctoral Research,1,IND,Zhenquan Jia,08-JAN-2018 to 25-APR-2018,,,,,5,5,0,M
12224,"1,11,159",BIO 791-07,Independent Doctoral Research,1,IND,Matina C. Kalcounis-Ruppell,08-JAN-2018 to 25-APR-2018,,,,,5,5,0,M
12226,"1,11,159",BIO 791-08,Independent Doctoral Research,1,IND,Karen S. Katula,08-JAN-2018 to 25-APR-2018,,,,,5,5,0,M
12227,"1,11,159",BIO 791-09,Independent Doctoral Research,1,IND,Bruce K. Kirchoff,08-JAN-2018 to 25-APR-2018,,,,,5,5,0,M
12228,"1,11,159",BIO 791-10,Independent Doctoral Research,1,IND,Sarah E. Koerner,08-JAN-2018 to 25-APR-2018,,,,,5,5,0,M
12229,"1,11,159",BIO 791-12,Independent Doctoral Research,1,IND,Esther M. Leise,08-JAN-2018 to 25-APR-2018,,,,,5,5,0,M
12230,"1,11,159",BIO 791-13,Independent Doctoral Research,1,IND,John J. Lepri,08-JAN-2018 to 25-APR-2018,,,,,5,5,0,M
12231,"1,11,159",BIO 791-14,Independent Doctoral Research,1,IND,,08-JAN-2018 to 25-APR-2018,,,,,5,5,0,M
12232,"1,11,159",BIO 791-15,Independent Doctoral Research,1,IND,Yashomati M. Patel,08-JAN-2018 to 25-APR-2018,,,,,5,5,0,M
12233,"1,11,159",BIO 791-16,Independent Doctoral Research,1,IND,David L. Remington,08-JAN-2018 to 25-APR-2018,,,,,5,5,0,M
12234,"1,11,159",BIO 791-17,Independent Doctoral Research,1,IND,Parke A. Rublee,08-JAN-2018 to 25-APR-2018,,,,,5,5,0,M
12235,"1,11,159",BIO 791-18,Independent Doctoral Research,1,IND,Olav Rueppell,08-JAN-2018 to 25-APR-2018,,,,,5,5,0,M
12236,"1,11,159",BIO 791-19,Independent Doctoral Research,1,IND,Malcolm D. Schug,08-JAN-2018 to 25-APR-2018,,,,,5,5,0,M
12237,"1,11,159",BIO 791-20,Independent Doctoral Research,1,IND,Robert H. Stavn,08-JAN-2018 to 25-APR-2018,,,,,5,5,0,M
12238,"1,11,159",BIO 791-21,Independent Doctoral Research,1,IND,Paul A. Steimle,08-JAN-2018 to 25-APR-2018,,,,,4,5,1,M
12239,"1,11,159",BIO 791-22,Independent Doctoral Research,1,IND,John E. Tomkiel Dean,08-JAN-2018 to 25-APR-2018,,,,,5,5,0,M
12240,"1,11,159",BIO 791-23,Independent Doctoral Research,1,IND,Gideon Wasserberg,08-JAN-2018 to 25-APR-2018,,,,,5,5,0,M
12865,"1,11,159",BIO 791-24,Independent Doctoral Research,1,IND,Tsz-Ki M. Tsui,08-JAN-2018 to 25-APR-2018,,,,,5,5,0,M
11411,"11,159",BIO 799-01,Dissertation,1,DTS,Amy L. Adamson,08-JAN-2018 to 25-APR-2018,,,,,9,10,1,M
12241,"11,159",BIO 799-02,Dissertation,1,DTS,,08-JAN-2018 to 25-APR-2018,,,,,10,10,0,M
12242,"11,159",BIO 799-03,Dissertation,1,DTS,Ramji K. Bhandari,08-JAN-2018 to 25-APR-2018,,,,,10,10,0,M
12243,"11,159",BIO 799-04,Dissertation,1,DTS,Mark D. Hens,08-JAN-2018 to 25-APR-2018,,,,,10,10,0,M
12244,"11,159",BIO 799-05,Dissertation,1,DTS,Anne E. Hershey,08-JAN-2018 to 25-APR-2018,,,,,10,10,0,M
12245,"11,159",BIO 799-06,Dissertation,1,DTS,Zhenquan Jia,08-JAN-2018 to 25-APR-2018,,,,,9,10,1,M
12246,"11,159",BIO 799-07,Dissertation,1,DTS,Matina C. Kalcounis-Ruppell,08-JAN-2018 to 25-APR-2018,,,,,9,10,1,M
12247,"11,159",BIO 799-08,Dissertation,1,DTS,Karen S. Katula,08-JAN-2018 to 25-APR-2018,,,,,10,10,0,M
12248,"11,159",BIO 799-09,Dissertation,1,DTS,Bruce K. Kirchoff,08-JAN-2018 to 25-APR-2018,,,,,10,10,0,M
12249,"11,159",BIO 799-10,Dissertation,1,DTS,Sarah E. Koerner,08-JAN-2018 to 25-APR-2018,,,,,10,10,0,M
12250,"11,159",BIO 799-12,Dissertation,1,DTS,Esther M. Leise,08-JAN-2018 to 25-APR-2018,,,,,10,10,0,M
12253,"11,159",BIO 799-13,Dissertation,1,DTS,John J. Lepri,08-JAN-2018 to 25-APR-2018,,,,,10,10,0,M
12254,"11,159",BIO 799-14,Dissertation,1,DTS,,08-JAN-2018 to 25-APR-2018,,,,,10,10,0,M
12255,"11,159",BIO 799-15,Dissertation,1,DTS,Yashomati M. Patel,08-JAN-2018 to 25-APR-2018,,,,,9,10,1,M
12256,"11,159",BIO 799-16,Dissertation,1,DTS,David L. Remington,08-JAN-2018 to 25-APR-2018,,,,,10,10,0,M
12257,"11,159",BIO 799-17,Dissertation,1,DTS,Parke A. Rublee,08-JAN-2018 to 25-APR-2018,,,,,10,10,0,M
12258,"11,159",BIO 799-18,Dissertation,1,DTS,Olav Rueppell,08-JAN-2018 to 25-APR-2018,,,,,9,10,1,M
12259,"11,159",BIO 799-19,Dissertation,1,DTS,Malcolm D. Schug,08-JAN-2018 to 25-APR-2018,,,,,10,10,0,M
12260,"11,159",BIO 799-20,Dissertation,1,DTS,Robert H. Stavn,08-JAN-2018 to 25-APR-2018,,,,,10,10,0,M
12261,"11,159",BIO 799-21,Dissertation,1,DTS,Paul A. Steimle,08-JAN-2018 to 25-APR-2018,,,,,10,10,0,M
12262,"11,159",BIO 799-22,Dissertation,1,DTS,John E. Tomkiel Dean,08-JAN-2018 to 25-APR-2018,,,,,10,10,0,M
12263,"11,159",BIO 799-23,Dissertation,1,DTS,Gideon Wasserberg,08-JAN-2018 to 25-APR-2018,,,,,10,10,0,M
12866,"11,159",BIO 799-24,Dissertation,1,DTS,Tsz-Ki M. Tsui,08-JAN-2018 to 25-APR-2018,,,,,10,10,0,M
11412,159,BIO 801-01,Thesis Extension,1,DTS,Amy L. Adamson,08-JAN-2018 to 25-APR-2018,,,,,9,10,1,M
12264,159,BIO 801-02,Thesis Extension,1,DTS,,08-JAN-2018 to 25-APR-2018,,,,,10,10,0,M
12265,159,BIO 801-03,Thesis Extension,1,DTS,Ramji K. Bhandari,08-JAN-2018 to 25-APR-2018,,,,,10,10,0,M
12266,159,BIO 801-04,Thesis Extension,1,DTS,Mark D. Hens,08-JAN-2018 to 25-APR-2018,,,,,10,10,0,M
12267,159,BIO 801-05,Thesis Extension,1,DTS,Anne E. Hershey,08-JAN-2018 to 25-APR-2018,,,,,9,10,1,M
12268,159,BIO 801-06,Thesis Extension,1,DTS,Zhenquan Jia,08-JAN-2018 to 25-APR-2018,,,,,10,10,0,M
12269,159,BIO 801-07,Thesis Extension,1,DTS,Matina C. Kalcounis-Ruppell,08-JAN-2018 to 25-APR-2018,,,,,10,10,0,M
12270,159,BIO 801-08,Thesis Extension,1,DTS,Karen S. Katula,08-JAN-2018 to 25-APR-2018,,,,,10,10,0,M
12271,159,BIO 801-09,Thesis Extension,1,DTS,Bruce K. Kirchoff,08-JAN-2018 to 25-APR-2018,,,,,10,10,0,M
12272,159,BIO 801-10,Thesis Extension,1,DTS,Sarah E. Koerner,08-JAN-2018 to 25-APR-2018,,,,,10,10,0,M
12273,159,BIO 801-12,Thesis Extension,1,DTS,Esther M. Leise,08-JAN-2018 to 25-APR-2018,,,,,10,10,0,M
12274,159,BIO 801-13,Thesis Extension,1,DTS,John J. Lepri,08-JAN-2018 to 25-APR-2018,,,,,13,13,0,M
12275,159,BIO 801-14,Thesis Extension,1,DTS,,08-JAN-2018 to 25-APR-2018,,,,,10,10,0,M
12276,159,BIO 801-15,Thesis Extension,1,DTS,Yashomati M. Patel,08-JAN-2018 to 25-APR-2018,,,,,10,10,0,M
12277,159,BIO 801-16,Thesis Extension,1,DTS,David L. Remington,08-JAN-2018 to 25-APR-2018,,,,,10,10,0,M
12278,159,BIO 801-17,Thesis Extension,1,DTS,Parke A. Rublee,08-JAN-2018 to 25-APR-2018,,,,,9,10,1,M
12279,159,BIO 801-18,Thesis Extension,1,DTS,Olav Rueppell,08-JAN-2018 to 25-APR-2018,,,,,10,10,0,M
12280,159,BIO 801-19,Thesis Extension,1,DTS,Malcolm D. Schug,08-JAN-2018 to 25-APR-2018,,,,,10,10,0,M
12281,159,BIO 801-20,Thesis Extension,1,DTS,Robert H. Stavn,08-JAN-2018 to 25-APR-2018,,,,,10,10,0,M
12282,159,BIO 801-21,Thesis Extension,1,DTS,Paul A. Steimle,08-JAN-2018 to 25-APR-2018,,,,,10,10,0,M
12283,159,BIO 801-22,Thesis Extension,1,DTS,John E. Tomkiel Dean,08-JAN-2018 to 25-APR-2018,,,,,10,10,0,M
12284,159,BIO 801-23,Thesis Extension,1,DTS,Gideon Wasserberg,08-JAN-2018 to 25-APR-2018,,,,,9,10,1,M
12867,159,BIO 801-24,Thesis Extension,1,DTS,Tsz-Ki M. Tsui,08-JAN-2018 to 25-APR-2018,,,,,10,10,0,M
14426,159,BIO 802-01,Dissertation Extension,1,DTS,Amy L. Adamson,08-JAN-2018 to 25-APR-2018,,,,,9,10,1,M
14482,159,BIO 802-02,Dissertation Extension,1,DTS,Anne E. Hershey,08-JAN-2018 to 25-APR-2018,,,,,9,10,1,M
14483,159,BIO 802-03,Dissertation Extension,1,DTS,Gideon Wasserberg,08-JAN-2018 to 25-APR-2018,,,,,9,10,1,M
15709,159,BIO 802-04,Dissertation Extension,1,DTS,,08-JAN-2018 to 25-APR-2018,,,,,1,1,0,M
15932,159,BIO 802-05,Dissertation Extension,1,DTS,David L. Remington,08-JAN-2018 to 25-APR-2018,,,,,9,10,1,M
11413,159,BIO 803-01,Grad Resrch Proj Ext,1,IND,Amy L. Adamson,08-JAN-2018 to 25-APR-2018,,,,,9,10,1,M
12285,159,BIO 803-02,Grad Resrch Proj Ext,1,IND,,08-JAN-2018 to 25-APR-2018,,,,,10,10,0,M
12286,159,BIO 803-03,Grad Resrch Proj Ext,1,IND,Ramji K. Bhandari,08-JAN-2018 to 25-APR-2018,,,,,10,10,0,M
12287,159,BIO 803-04,Grad Resrch Proj Ext,1,IND,Mark D. Hens,08-JAN-2018 to 25-APR-2018,,,,,10,10,0,M
12288,159,BIO 803-05,Grad Resrch Proj Ext,1,IND,Anne E. Hershey,08-JAN-2018 to 25-APR-2018,,,,,10,10,0,M
12289,159,BIO 803-06,Grad Resrch Proj Ext,1,IND,Zhenquan Jia,08-JAN-2018 to 25-APR-2018,,,,,10,10,0,M
12290,159,BIO 803-07,Grad Resrch Proj Ext,1,IND,Matina C. Kalcounis-Ruppell,08-JAN-2018 to 25-APR-2018,,,,,10,10,0,M
12291,159,BIO 803-08,Grad Resrch Proj Ext,1,IND,Karen S. Katula,08-JAN-2018 to 25-APR-2018,,,,,10,10,0,M
12292,159,BIO 803-09,Grad Resrch Proj Ext,1,IND,Bruce K. Kirchoff,08-JAN-2018 to 25-APR-2018,,,,,10,10,0,M
12293,159,BIO 803-10,Grad Resrch Proj Ext,1,IND,Sarah E. Koerner,08-JAN-2018 to 25-APR-2018,,,,,10,10,0,M
12294,159,BIO 803-12,Grad Resrch Proj Ext,1,IND,Esther M. Leise,08-JAN-2018 to 25-APR-2018,,,,,10,10,0,M
12295,159,BIO 803-13,Grad Resrch Proj Ext,1,IND,John J. Lepri,08-JAN-2018 to 25-APR-2018,,,,,10,10,0,M
12296,159,BIO 803-14,Grad Resrch Proj Ext,1,IND,,08-JAN-2018 to 25-APR-2018,,,,,10,10,0,M
12297,159,BIO 803-15,Grad Resrch Proj Ext,1,IND,Yashomati M. Patel,08-JAN-2018 to 25-APR-2018,,,,,9,10,1,M
12298,159,BIO 803-16,Grad Resrch Proj Ext,1,IND,David L. Remington,08-JAN-2018 to 25-APR-2018,,,,,9,10,1,M
12299,159,BIO 803-17,Grad Resrch Proj Ext,1,IND,Parke A. Rublee,08-JAN-2018 to 25-APR-2018,,,,,10,10,0,M
12300,159,BIO 803-18,Grad Resrch Proj Ext,1,IND,Olav Rueppell,08-JAN-2018 to 25-APR-2018,,,,,10,10,0,M
12301,159,BIO 803-19,Grad Resrch Proj Ext,1,IND,Malcolm D. Schug,08-JAN-2018 to 25-APR-2018,,,,,10,10,0,M
12302,159,BIO 803-20,Grad Resrch Proj Ext,1,IND,Robert H. Stavn,08-JAN-2018 to 25-APR-2018,,,,,10,10,0,M
12303,159,BIO 803-21,Grad Resrch Proj Ext,1,IND,Paul A. Steimle,08-JAN-2018 to 25-APR-2018,,,,,10,10,0,M
12304,159,BIO 803-22,Grad Resrch Proj Ext,1,IND,John E. Tomkiel Dean,08-JAN-2018 to 25-APR-2018,,,,,10,10,0,M
12305,159,BIO 803-23,Grad Resrch Proj Ext,1,IND,Gideon Wasserberg,08-JAN-2018 to 25-APR-2018,,,,,9,10,1,M
12868,159,BIO 803-24,Grad Resrch Proj Ext,1,IND,Tsz-Ki M. Tsui,08-JAN-2018 to 25-APR-2018,,,,,10,10,0,M
